last_name, first_name,year,pitch_hand,n,n_fastball_formatted,fastball_avg_speed,fastball_avg_spin,fastball_avg_break,n_breaking_formatted,breaking_avg_speed,breaking_avg_spin,breaking_avg_break,n_offspeed_formatted,offspeed_avg_speed,offspeed_avg_spin,offspeed_avg_break,
Wilson, Bryse,2020,R,313,62.9,93.9,2145,17.3,25.5,86.1,2190,10.7,11.5,86.9,1675,14.5,
Walker, Taijuan,2020,R,882,71.2,90.7,2216,16,10.0,74.6,2454,18.1,18.7,89,1694,16.5,
Waguespack, Jacob,2020,R,397,70.2,91.3,1970,16,10.8,75.8,2132,8.1,18.8,82.3,1325,12.9,
Urquidy, Jose,2020,R,429,54.5,93.1,2216,21,24.9,78.1,2574,17.2,20.5,84.3,1962,19.6,
Turnbull, Spencer,2020,R,963,65.9,94.1,2434,13.3,24.9,84.4,2555,8.6,9.1,87.2,1878,17.4,
Suter, Brent,2020,L,516,79.2,85.5,2157,13.1,7.1,73.2,2229,13,13.5,81.1,1591,15.9,
Suero, Wander,2020,R,369,81.5,91,2462,13.4,5.1,77,2872,18.1,13.2,86.1,2073,13.9,
Stashak, Cody,2020,R,223,55.1,91.9,2234,20.2,40.8,82,2255,11,4.0,85.9,1470,16.3,
Smith, Will,2020,L,237,44.3,92.6,2256,17.7,55.6,81,2298,9.2,,,,,
Shreve, Chasen,2020,L,422,51.1,91.7,2399,20.8,8.0,79.8,2377,9.6,40.7,83.3,1252,14.5,
Shoemaker, Matt,2020,R,446,44.1,92,2190,19.1,23.3,80.2,2042,7.3,32.5,85.4,1231,11.6,
Ryu, Hyun Jin,2020,L,1132,58.9,87.9,2001,13.2,13.2,72.4,2539,19.1,27.8,79.6,1478,15,
Roark, Tanner,2020,R,901,54.4,90.6,2070,18.9,32.6,79.1,2443,13.4,12.8,81,1515,15.2,
Rasmussen, Drew,2020,R,302,68.2,97.6,2454,19.1,27.8,84.9,2721,8.6,3.9,89.7,1740,17.9,
Pressly, Ryan,2020,R,353,37.1,94.6,2533,16,62.8,86.3,2924,10.5,,,,,
Perdomo, Luis,2020,R,276,43.1,93.9,1949,17.9,34.7,86.3,2335,2.5,22.1,88.4,1676,15.4,
Peralta, Freddy,2020,R,495,73.5,93,2416,17.4,26.4,79.6,2366,15.4,,,,,
Pearson, Nate,2020,R,324,50.6,96.3,2306,19.3,42.5,83.4,2607,8.7,6.7,87.7,1833,16,
Patino, Luis,2020,R,349,64.7,96.7,2468,17.2,17.4,84.6,2650,11.6,17.7,89.1,1881,15.9,
Oswalt, Corey,2020,R,223,53.8,92.1,2155,19.3,27.3,87.4,2166,5.9,18.8,85.8,1642,12.1,
Newcomb, Sean,2020,L,300,54.0,93.4,2307,17.2,26.0,77.9,2838,18.1,20.0,87,1570,13.9,
Morgan, Adam,2020,L,219,33.7,91.5,2302,20,49.3,81.1,2766,10.4,16.8,83.5,1803,16.8,
Miller, Andrew,2020,L,205,40.0,90.2,2106,15.6,60.0,80.1,2605,13,,,,,
Mengden, Daniel,2020,R,231,78.3,87.9,2250,17,9.0,73,2573,19.3,12.5,82.8,1968,18.4,
Matz, Steven,2020,L,633,53.7,94.5,2230,19.6,19.7,80.5,2360,14.7,26.5,84.8,2276,16.6,
Maeda, Kenta,2020,R,986,28.4,91,2271,16.7,42.0,82.5,2513,8.8,29.4,84.5,1507,13,
Lopez, Yoan,2020,R,285,54.7,95.4,2092,16.3,45.2,85.7,2460,6.9,,,,,
Lopez, Pablo,2020,R,903,63.1,93.3,2106,15,6.9,78.7,2442,16.6,29.9,87.2,1969,17.1,
LeBlanc, Wade,2020,L,365,52.0,85.1,1908,13.7,12.8,73,2269,14.3,35.0,78.9,1595,16.2,
Kelly, Merrill,2020,R,473,62.3,91.6,2384,16.4,22.1,81.2,2614,14.4,15.4,87.5,1999,18,
Keller, Brad,2020,R,858,59.7,92.7,2297,13.3,38.2,84.6,2590,8.6,1.9,88.7,1965,11.3,
Iglesias, Raisel,2020,R,361,45.9,96.1,2423,18.7,33.2,84.8,2613,11.1,20.7,89.2,1947,16.8,
Hughes, Jared,2020,R,412,59.2,91.4,2026,15.4,26.4,80.8,2050,14.4,14.3,84.3,1553,10.1,
Hoyt, James,2020,R,244,31.1,88.3,2290,19.8,67.2,80.5,2744,3.2,1.6,84.5,1672,16.3,
Hill, Cam,2020,R,291,48.4,92.1,2301,17.8,51.5,82.2,2655,13.5,,,,,
Hembree, Heath,2020,R,363,57.8,93.9,2501,20,42.1,86.1,2728,9.3,,,,,
Heaney, Andrew,2020,L,1085,57.7,91.5,2436,21,24.7,79.2,2550,7.2,17.4,83,2005,18.3,
Hall, Matt,2020,L,210,65.7,86.8,2399,11.4,31.4,75.8,2477,19.5,2.8,80.3,1779,14.9,
Hale, David,2020,R,282,53.1,92.8,2259,15.7,15.6,81.6,2293,7,31.2,82.6,1634,15.4,
Goody, Nick,2020,R,246,43.0,91.6,2196,19.6,56.9,81.5,2329,8.4,,,,,
Gray, Sonny,2020,R,968,51.9,93,2470,16.1,43.8,81.6,2906,19,4.2,90,2241,18.6,
Graveman, Kendall,2020,R,329,75.9,94.4,2329,18.3,9.1,82.2,2579,11.9,14.8,88.4,1766,13.6,
Funkhouser, Kyle,2020,R,319,61.7,95.2,2014,16.4,31.3,86.3,2471,4.8,6.8,89.2,1937,14.2,
Fulmer, Michael,2020,R,528,62.3,93.1,2098,17.8,28.0,85.9,2360,8.8,9.6,86.7,1662,15,
Foster, Matt,2020,R,436,57.3,93.8,2322,19.9,9.1,85.3,2284,5.9,33.4,83.8,1755,16.5,
Floro, Dylan,2020,R,371,46.9,93.4,2247,19,31.5,88,2098,7.6,21.5,86.2,1927,16.3,
Eshelman, Thomas,2020,R,529,44.2,86.3,1824,14.7,42.7,77.3,1818,10,13.0,79.4,1277,10.9,
Diaz, Jairo,2020,R,364,57.9,95.1,2129,15.4,42.0,85.2,2350,4,,,,,
Coonrod, Sam,2020,R,297,64.9,97.6,2266,18.2,16.1,87.8,2697,8.5,18.8,88.8,1787,15.6,
Cole, A.J.,2020,R,390,44.1,92.3,2296,17.5,47.9,83.2,2283,6.5,7.9,86.3,2073,19.4,
Cody, Kyle,2020,R,370,50.2,94.3,2163,19.6,37.2,83.2,2527,7.1,12.4,86.1,2036,19,
Chatwood, Tyler,2020,R,333,81.3,92.6,2583,13.5,13.5,80.3,2977,15.5,5.1,85.4,1803,14.8,
Castro, Miguel,2020,R,475,50.1,98.1,2345,19.6,31.1,86.8,2933,8,18.7,92.3,2123,18.8,
Castellanos, Humberto,2020,R,207,50.2,89.9,2010,15.8,35.7,80.6,2148,8.2,14.0,82.8,1356,14,
Castano, Daniel,2020,L,474,54.0,88.8,2200,13.2,25.7,79.4,2450,7.6,20.2,81.2,1727,18,
Bundy, Dylan,2020,R,1018,41.9,90.1,2407,19.9,36.7,77.9,2478,8.4,21.3,82.2,1665,15.7,
Brault, Steven,2020,L,746,50.6,92.1,2134,17.3,25.0,82.1,2379,7.6,24.2,85,1655,13.1,
Bleier, Richard,2020,L,218,70.1,88.7,1968,13.9,24.3,78.7,1920,5.9,5.5,82.8,1674,18,
Bedrosian, Cam,2020,R,241,52.6,92.2,2357,20.4,46.0,81.2,2536,8.9,1.2,84.9,1930,19.8,
Barria, Jaime,2020,R,511,43.0,92.1,2276,17.5,45.7,83.9,2235,6.8,11.1,84.2,1510,14.7,
Baez, Pedro,2020,R,306,42.1,94.4,2226,18.9,21.8,87.1,1683,5.9,35.9,86.8,1917,18.4,
Arrieta, Jake,2020,R,729,52.5,92,2097,18.4,30.4,87.1,2310,10,17.0,87.3,1694,16.8,
Alzolay, Adbert,2020,R,387,52.1,94.6,2364,19.2,39.7,81.5,2896,12.1,8.0,85.1,1701,17.7,
Anderson, Brett,2020,L,752,54.5,89.2,2015,17.2,21.5,79.2,2469,10.8,23.9,82.7,1629,17,
Yamaguchi, Shun,2020,R,501,40.9,90.8,2129,19.2,19.5,80.3,2329,8.8,39.5,84.8,1253,11.9,
Wisler, Matt,2020,R,453,16.5,91.9,2098,18.9,83.4,81.3,2549,11.6,,,,,
Watson, Tony,2020,L,280,41.0,89.5,2299,18.3,13.9,81.2,2338,3.8,45.0,83.9,2281,20.4,
Underwood Jr., Duane,2020,R,335,46.2,94.5,2141,16.9,25.3,81.6,2299,11.9,28.3,87.2,1592,15.4,
Tropeano, Nick,2020,R,242,30.1,90.9,2239,20.3,30.9,78.6,2268,3,38.8,81,1660,12.9,
Thielbar, Caleb,2020,L,371,58.2,89.1,2426,19,41.7,72.2,2535,18.9,,,,,
Stripling, Ross,2020,R,815,43.9,91.7,2276,19.1,38.7,81.4,2594,12.9,17.3,84.6,1700,14.6,
Staumont, Josh,2020,R,472,72.4,98,2390,19.1,27.5,82.1,2923,18.1,,,,,
Springs, Jeffrey,2020,L,405,46.9,92.1,2229,19.8,27.1,83,2177,4.9,25.9,81.5,1444,14.8,
Soroka, Mike,2020,R,199,59.2,92,2153,16,28.6,81.3,2636,6.7,12.0,80.3,2149,19.3,
Soria, Joakim,2020,R,377,66.0,92.4,2274,18.4,24.9,76.1,2732,17.8,9.0,87,1561,12.3,
Smith, Riley,2020,R,250,62.4,93.3,2283,16.5,36.0,82,2109,8,1.6,86.7,2018,18.8,
Smeltzer, Devin,2020,L,268,33.2,87.5,2397,19.1,29.8,75.9,2392,11.7,36.9,80.6,1855,13.3,
Slegers, Aaron,2020,R,387,62.0,91.2,1950,17.1,29.9,84.8,2095,5,8.0,85.9,1538,14.7,
Selman, Sam,2020,L,361,40.9,91.2,2475,16.2,59.0,80,2572,13.1,,,,,
Sanchez, Sixto,2020,R,559,47.7,97.6,2131,17.6,25.5,88,2399,7.4,26.6,89,1800,17.5,
Richards, Garrett,2020,R,788,54.6,95.2,2618,11.5,45.3,87.1,2960,7.4,,,,,
Ramirez, Erasmo,2020,R,195,82.5,89.4,2230,14.7,5.6,79.7,2414,6,11.7,83.8,1704,14.6,
Ponce, Cody,2020,R,265,68.3,91.9,2529,16,23.7,78.3,2270,13.6,7.9,84.6,1975,18,
Phillips, Evan,2020,R,284,66.1,94.5,2247,18.7,26.4,83.6,2429,16.3,7.3,85.9,1526,8.6,
Perez, Martin,2020,L,1033,64.8,90.4,2087,15.1,9.3,77.7,2521,7.9,25.7,83.7,1704,17.3,
Pena, Felix,2020,R,460,48.4,94.4,2200,20,30.4,84.7,2472,4.1,21.0,86.6,1892,18.3,
Paddack, Chris,2020,R,963,61.5,93.7,2169,18.5,7.3,76.9,2096,16.9,31.0,83.9,1790,15.7,
Nola, Aaron,2020,R,1148,45.9,92.3,2145,19.5,26.6,78.6,2499,18.3,27.3,84.9,1518,15,
Morejon, Adrian,2020,L,322,56.2,96.6,2404,17.6,26.3,82.9,2663,12.2,17.3,84.3,963,12.7,
Montas, Frankie,2020,R,914,62.0,95.7,2323,20,25.0,86.1,2499,6.6,12.9,86.4,1701,13.7,
Misiewicz, Anthony,2020,L,328,76.8,91.3,2418,12.4,23.1,81.9,2828,12,,,,,
Minter, A.J.,2020,L,397,81.3,91.5,2377,12.2,,,,,18.6,85.4,1651,16.2,
Milone, Tommy,2020,L,697,45.3,86.1,2190,20.6,15.6,78.3,2290,6.9,39.0,78.9,1702,17.2,
Mahle, Tyler,2020,R,852,54.9,93.9,2389,21.5,33.3,86.8,2634,5.9,11.7,87.4,1935,17.8,
Lorenzen, Michael,2020,R,608,58.2,95.4,2523,17.1,24.0,84.3,2504,11.2,17.7,86.7,2149,18.8,
Lopez, Reynaldo,2020,R,503,50.6,94.2,2138,18.5,28.6,82.1,2075,5.5,20.6,83.5,1714,16.1,
Lakins Sr., Travis,2020,R,470,74.4,91.9,2332,12.2,22.3,80.6,2727,16.6,3.1,87.5,1550,15.1,
King, Michael,2020,R,469,65.6,93.1,2265,18.6,19.4,80.9,2351,6.3,14.9,84.9,2004,18.4,
Kim, Kwang Hyun,2020,L,612,48.6,89.9,2163,15.6,42.8,79.7,2145,7.2,8.4,80.3,1597,17.5,
Jeffress, Jeremy,2020,R,340,42.9,93.2,2035,17.9,25.0,80.5,2399,10.1,32.0,88.7,1475,11.7,
James, Josh,2020,R,340,57.6,96.3,2307,17.7,28.5,85,2596,11.1,13.8,88.8,1546,16.1,
Hunter, Tommy,2020,R,410,76.8,91.7,2499,15.3,23.1,82.3,2873,14.5,,,,,
Hudson, Daniel,2020,R,362,75.1,96.4,2337,19.6,19.0,84.9,2475,4.4,5.8,88.1,2291,19.8,
Howard, Sam,2020,L,361,37.3,92,2431,20.5,62.3,84.6,2468,5.9,0.2,82.7,2294,20.5,
Hill, Tim,2020,L,348,89.9,90.6,2166,18.3,10.0,80.3,2031,4.7,,,,,
Harvey, Matt,2020,R,247,53.0,94,2139,17.8,37.2,84.9,2312,6.7,9.7,84.7,1658,15.8,
Hartlieb, Geoff,2020,R,409,53.7,93.6,2349,16.8,45.4,82.7,2238,12.5,0.7,87.7,2202,16.5,
Harper, Ryne,2020,R,407,37.5,88.4,1830,11,61.6,73.7,2255,14.7,0.7,79.6,1425,13.2,
Gott, Trevor,2020,R,217,64.5,95.5,2315,17.3,33.1,84.3,2279,13.5,2.3,90,1322,16.3,
Gonzales, Marco,2020,L,1057,69.6,87,2156,17,16.0,75.3,2294,16.3,14.2,80.6,2114,19.5,
Gerber, Joey,2020,R,233,65.2,93.3,2298,20.1,34.7,83.8,1993,8.2,,,,,
Farmer, Buck,2020,R,341,52.7,93.2,2276,19.4,14.6,81.7,2761,2.9,32.5,87.3,1696,15.1,
Dunn, Justin,2020,R,801,54.5,91.2,2238,19.1,39.2,80.8,2363,11.9,6.2,87.1,1854,16.9,
Dugger, Robert,2020,R,212,53.7,92,2299,19.1,43.3,79.4,2457,8.4,2.8,84.1,1535,15.8,
Detwiler, Ross,2020,L,311,56.9,91.4,2234,19.4,33.7,82.7,2185,3.3,9.3,85.2,1726,14.5,
DeSclafani, Anthony,2020,R,602,51.1,94.9,2160,18.2,41.6,85.1,2123,6.2,7.1,88.5,1552,16,
Cobb, Alex,2020,R,807,48.0,92.5,2090,19.8,16.7,81.7,2579,13.1,35.1,86.9,1616,13.5,
Cessa, Luis,2020,R,360,31.1,93.6,2246,18.4,56.3,83.6,2514,4.3,12.5,87.5,1649,15.3,
Cahill, Trevor,2020,R,456,47.1,89.4,2168,13.3,23.0,78.5,2982,16.1,29.8,82.7,1550,13.8,
Brewer, Colten,2020,R,506,45.8,93.8,2398,11,54.1,84,2701,14.4,,,,,
Betances, Dellin,2020,R,241,48.9,93.6,2194,12.4,51.0,83.3,2510,11.5,,,,,
Bass, Anthony,2020,R,385,54.2,94.6,2034,19.2,38.9,85.8,2264,5.4,6.7,86.4,1435,15.4,
Baragar, Caleb,2020,L,349,75.0,93.9,2493,20.7,24.6,82,2934,11.5,0.2,86.5,2290,17.5,
Alexander, Scott,2020,L,202,83.1,93.1,2196,15.1,16.8,87.9,2232,5.7,,,,,
Alcala, Jorge,2020,R,403,46.4,96.9,2400,18.8,44.6,88.6,2427,5.8,8.9,89.2,2346,19.6,
Zuber, Tyler,2020,R,386,44.5,94.1,2235,16.9,44.5,83.3,2720,10.1,10.8,86.1,1363,11.6,
Young, Alex,2020,L,797,54.3,89.2,2364,15.3,24.5,81.6,2402,4.1,21.0,85.2,1725,15.1,
Workman, Brandon,2020,R,395,60.5,89.7,2137,11.3,39.4,79.2,2583,17.3,,,,,
Woodford, Jake,2020,R,360,50.8,92.8,2259,15.3,48.0,80.9,2435,12,1.1,85.6,1504,15.7,
Wood, Alex,2020,L,282,48.2,91.1,2212,18.9,28.7,84.6,2240,2.2,23.0,84.7,1785,14.4,
Williams, Taylor,2020,R,272,45.2,95,2302,16.2,54.7,85.9,2474,2.3,,,,,
Valdez, Phillips,2020,R,509,45.1,92.2,2403,19.5,5.8,81.5,2428,6.3,48.9,85,1955,16,
Valdez, Framber,2020,L,1049,56.8,93.1,2257,14,33.4,80.5,2982,19.2,9.7,88.8,1720,13.5,
Valdez, Cesar,2020,R,191,15.7,85.5,2160,18.3,1.0,77.6,2433,10.6,83.2,77.9,1784,11.9,
Urias, Julio,2020,L,849,58.0,94.2,2477,18,28.2,81.9,2832,14.7,13.6,84.9,1812,16.7,
Sims, Lucas,2020,R,464,48.0,93.9,2771,19.7,50.4,82.1,3071,15.3,1.5,87.5,2118,17.2,
Santana, Dennis,2020,R,284,38.7,94.4,2378,19.2,46.1,84.3,2689,5.4,15.1,86.7,2153,17.1,
Rondon, Hector,2020,R,390,59.4,95.6,2034,17.7,36.9,85.4,2290,6.2,3.5,88.3,1719,16.4,
Romo, Sergio,2020,R,352,23.5,85.5,2324,19.2,64.7,76,2917,18.3,11.6,79.7,2166,20.7,
Rogers, Trevor,2020,L,568,60.0,93.6,2431,20.4,21.8,81.1,2021,4.9,18.1,84.4,1455,15.2,
Rogers, Taylor,2020,L,342,53.8,94.6,2137,19.1,46.1,81.1,2612,13.8,,,,,
Reed, Cody,2020,L,236,47.8,94.4,2110,16.6,49.5,87.4,2565,6.8,2.5,88.7,1664,15.9,
Petit, Yusmeiro,2020,R,315,71.1,86.7,2134,17.4,10.7,74.3,2000,13.3,18.0,81.2,1753,18.3,
Peralta, Wandy,2020,L,488,35.4,94.7,2206,18,33.1,87.5,2284,5.1,31.3,87.6,2245,18,
Ottavino, Adam,2020,R,339,49.8,92.8,2253,15.9,47.1,81,2862,18.2,2.9,87.4,1990,12.7,
Neverauskas, Dovydas,2020,R,358,66.2,93.2,2291,16.8,33.7,82.1,2926,14.2,,,,,
Mize, Casey,2020,R,543,52.3,93.6,2202,18.8,29.8,85.8,2303,8.5,17.8,86,1260,12.9,
Miley, Wade,2020,L,284,64.4,86.8,2313,9.4,11.9,75.8,2482,14.1,23.5,82.1,1840,16.1,
Merryweather, Julian,2020,R,233,57.9,96.7,2324,18.8,24.4,83.4,2376,9.9,17.5,80.6,1363,14,
McFarland, T.J.,2020,L,331,59.8,88.5,1957,16.2,23.5,78.2,2234,8.1,16.6,81.8,1673,14.3,
Mayers, Mike,2020,R,512,57.8,92.5,2298,15.3,42.1,84.8,2139,4.3,,,,,
Marquez, German,2020,R,1226,52.2,95.6,2152,15.5,42.4,86.5,2590,5.2,5.3,86.8,1816,16.4,
Lynn, Lance,2020,R,1399,90.4,92.5,2486,14.4,8.3,84,2618,6.5,1.1,84.6,1781,12.3,
Lyles, Jordan,2020,R,993,47.5,92.2,2141,19.4,42.4,81.5,2459,13.2,9.9,86.8,1464,17,
Lockett, Walker,2020,R,230,57.3,92.1,2301,13.3,22.1,80.8,2645,10.8,20.4,86.9,1617,15,
Lamet, Dinelson,2020,R,1046,46.5,97,2484,18.8,53.4,86.5,2616,6.3,,,,,
Kuhl, Chad,2020,R,789,43.7,93.9,2010,18.1,52.0,85.6,2605,7.7,4.1,88.1,1643,14.8,
Kremer, Dean,2020,R,346,70.2,91.3,2374,17.5,27.1,75.5,2351,18.1,2.6,85.4,1936,18.2,
King, John,2020,L,186,63.4,93.1,2010,16.7,19.3,81.8,2498,6.3,17.2,78.4,1707,15.9,
Keller, Mitch,2020,R,384,55.7,93.9,2327,18.1,41.1,82.8,2507,11,3.1,88.8,1807,15.9,
Kay, Anthony,2020,L,409,58.6,93.4,2373,16.6,23.2,77.9,2540,15,18.0,86.3,1771,15.4,
Junis, Jakob,2020,R,394,49.4,91,2104,14.8,46.1,80.1,2435,16.8,4.3,84.3,1686,12.1,
Hernandez, Jonathan,2020,R,497,47.2,97.7,2230,19.9,39.8,89.1,2365,6.5,12.8,90.9,2364,20,
Herget, Jimmy,2020,R,346,54.9,93,2343,18,41.6,81.7,2599,7.5,3.4,85.2,1994,15.7,
Hart, Kyle,2020,L,260,41.5,89.1,2061,18.2,40.0,81.7,2183,7,18.4,79.7,1678,16,
Hand, Brad,2020,L,363,47.9,91.4,2449,19.5,52.0,79.5,2384,16,,,,,
Gonsolin, Tony,2020,R,705,47.5,95.1,2489,20.5,22.6,86,2735,7.6,29.7,85.1,1838,17.4,
Godley, Zack,2020,R,553,51.7,88.9,2168,10.2,38.1,82,2138,7.4,10.1,83.1,1699,13.2,
Gibaut, Ian,2020,R,241,54.3,95.2,2053,17.2,29.4,86.6,2275,8.3,16.1,85.5,1878,17.2,
Garcia, Rony,2020,R,393,63.1,93.3,2276,15,23.4,85.6,2206,6.4,13.4,88,1885,16.5,
Garcia, Deivi,2020,R,532,59.5,91.9,2178,20.4,23.4,78.1,2631,13.7,16.9,80.6,1843,18.4,
Fleming, Josh,2020,L,470,54.2,90.5,1874,19.2,30.2,85.2,1845,6.6,15.5,81.5,1710,13.9,
Fedde, Erick,2020,R,850,72.1,92.3,1875,11.9,18.3,79.5,2273,12.6,9.5,86.7,1576,13.4,
Elledge, Seth,2020,R,231,64.9,93.3,2318,19.9,35.0,83.2,2457,8.2,,,,,
Duffy, Danny,2020,L,943,53.5,92.1,2159,19.3,31.2,79.4,2351,10,15.1,83.8,2161,18.2,
Duffey, Tyler,2020,R,339,46.9,92.6,2296,17.4,53.0,83.5,2443,9.6,,,,,
Colome, Alex,2020,R,366,100.0,90.8,2139,10.4,,,,,,,,,
Cole, Gerrit,2020,R,1203,52.7,96.7,2505,21.7,41.6,86.5,2672,10.1,5.5,88.3,1750,18.9,
Claudio, Alex,2020,L,331,39.2,85.9,1916,17.3,22.6,76.4,2227,7.2,38.0,72.8,2082,19.3,
Castellani, Ryan,2020,R,757,48.2,92.5,2349,16.3,34.6,82.3,2498,8.7,17.1,85.9,1691,14.7,
Carrasco, Carlos,2020,R,1101,38.5,93.6,2457,17.6,33.5,85.5,2830,6.9,27.9,87.7,1382,7.8,
Borucki, Ryan,2020,L,322,47.8,94.8,2168,19.5,37.8,86.6,2315,5.5,14.2,85,2005,17.8,
Barnes, Matt,2020,R,455,54.0,95.5,2315,20.2,43.0,84.6,2170,11.3,2.8,88.4,2224,18.8,
Anderson, Ian,2020,R,571,48.3,94.1,2062,19.2,20.8,80.1,2098,6.7,30.8,87.4,1762,16.2,
Altavilla, Dan,2020,R,363,46.8,97.3,2351,17.7,53.1,90,2608,8.2,,,,,
Winkler, Dan,2020,R,299,88.6,89.7,2482,11,10.7,82,2484,9.8,0.6,89.5,1894,11.4,
Wick, Rowan,2020,R,304,65.7,94.3,2343,17.1,34.2,76.7,2718,19.3,,,,,
Wheeler, Zack,2020,R,1078,65.7,96.8,2289,16.6,25.9,86,2485,10.1,8.2,90.1,1641,16.7,
Weaver, Luke,2020,R,968,65.8,93,2448,18.5,6.9,79,2273,9.9,27.2,84.7,1666,17.3,
Vincent, Nick,2020,R,323,87.9,88.5,2326,16.2,4.0,82.8,2467,6.8,8.0,83.1,1692,16.9,
Treinen, Blake,2020,R,396,73.7,96.6,2303,17.5,26.2,88.4,2588,5,,,,,
Toussaint, Touki,2020,R,491,41.1,93.9,2277,16.5,38.4,78.1,2469,15.3,20.3,85.3,1506,9.3,
Tarpley, Stephen,2020,L,181,68.5,91,2124,14.9,31.4,78.8,2382,13.2,,,,,
Smith, Caleb,2020,L,267,51.3,92.1,2498,21.7,34.0,82.1,2564,6.1,14.6,81.8,1930,19.6,
Scrubb, Andre,2020,R,407,52.5,92.9,2336,16.3,47.4,79.1,2773,20.7,,,,,
Sadler, Casey,2020,R,348,58.3,91.3,2539,15,37.0,80.7,2930,13.5,4.5,86.7,1761,16.5,
Ryan, Kyle,2020,L,268,91.4,86.7,1979,8.7,8.5,78,2244,11.4,,,,,
Ray, Robbie,2020,L,1064,50.9,93.8,2414,19.7,46.2,85.5,2309,5.8,2.8,89.5,2305,18.4,
Raley, Brooks,2020,L,336,67.2,87.9,2506,11.3,29.4,80.8,2876,16.2,3.2,84.4,1957,16.7,
Ponce de Leon, Daniel,2020,R,646,74.4,92.2,2368,18.5,21.6,77.6,2671,18.1,3.8,86.2,1840,18.2,
Plesac, Zach,2020,R,776,37.6,92.8,2086,18.7,37.1,84.5,2137,6.2,25.2,86,1628,15.5,
Phelps, David,2020,R,357,73.3,92.7,2367,16.4,26.6,81.6,2602,12.6,,,,,
Oviedo, Johan,2020,R,444,56.0,94.8,2277,11.7,40.0,82.8,2523,8.8,3.8,87.4,1470,15.2,
Nova, Ivan,2020,R,284,59.1,92.2,2179,17.2,25.3,79.6,2213,7.3,15.4,86.4,2041,16.9,
Newberry, Jake,2020,R,387,45.2,93.4,2403,16.3,51.1,83.3,2590,5.6,3.6,86.8,2014,14.4,
Morton, Charlie,2020,R,660,65.1,92.1,2287,16.7,32.7,78.2,2887,20,2.1,85.9,2036,19.4,
Middleton, Keynan,2020,R,210,59.0,97.1,2489,19.3,22.3,87.4,2372,6.2,18.5,88.2,1906,16.8,
Martinez, Carlos,2020,R,402,51.7,92.8,2106,15.7,28.1,82.7,2199,12.3,20.1,85.7,1860,16.2,
Margevicius, Nick,2020,L,679,64.0,90,2126,18.7,27.5,78.4,1919,10.3,8.3,82.1,1421,13,
Jansen, Kenley,2020,R,446,90.3,91.3,2449,16.9,9.6,81.6,2334,8.5,,,,,
Kickham, Mike,2020,L,262,15.6,89.6,2360,13.1,83.9,82.8,2423,9.8,0.3,82.8,1715,17.5,
Keuchel, Dallas,2020,L,960,65.5,86.1,2149,11.6,6.5,75.8,2280,9.1,27.9,78.6,1705,15.8,
Howard, Spencer,2020,R,439,56.4,94,2345,20.6,27.5,82.1,2335,9.5,15.9,79.6,1539,16.7,
Holland, Greg,2020,R,423,37.1,92.9,2317,17,62.4,84.6,2214,5.9,0.4,84.5,1328,10.9,
Hoffman, Jeff,2020,R,399,54.6,94.4,2425,18.3,18.0,77.7,2541,15.6,27.3,85.3,1409,12.5,
Hirano, Yoshihisa,2020,R,248,45.1,89.9,2117,20.5,0.4,82.8,2519,10.4,54.4,82.1,1154,10.7,
Hendricks, Kyle,2020,R,1162,54.4,87.3,1903,16,16.6,72.1,2810,19.6,28.9,79.7,2064,16.7,
Harris, Will,2020,R,332,77.7,90.5,2415,11.9,22.2,80.8,2568,18.1,,,,,
Hader, Josh,2020,L,372,67.7,94.5,2063,19.8,32.2,80.3,2498,8,,,,,
Garrett, Amir,2020,L,299,44.4,94.7,2207,18.4,55.5,85,1841,4,,,,,
Gallen, Zac,2020,R,1117,64.9,90.8,2367,14.3,16.1,81.2,2432,11.4,18.9,84.9,1530,13.9,
Gallegos, Giovanny,2020,R,229,48.9,93.7,2385,20,50.6,85.4,2407,3.3,0.4,86.8,1865,17.3,
Freeland, Kyle,2020,L,1124,32.2,92,2438,16,42.5,83.6,2460,6.8,25.2,86.1,1412,12.5,
Finnegan, Kyle,2020,R,407,70.7,95,1918,18.5,20.8,87.2,2035,8.4,8.3,86.8,993,10.2,
Estevez, Carlos,2020,R,436,61.4,96.9,2168,17.5,26.1,86.9,2309,5.5,12.3,88.7,1681,14,
Eflin, Zach,2020,R,913,61.2,93.8,2096,18.5,33.4,84.8,2259,9.5,5.3,87.8,1825,16.8,
Diaz, Edwin,2020,R,483,62.1,97.7,2352,19.6,37.6,89.6,2319,5,0.2,93.4,1669,19,
Darvish, Yu,2020,R,1150,68.0,90.2,2626,11.3,27.0,80.2,2764,15.8,4.8,89.7,1691,14.6,
Crichton, Stefan,2020,R,402,61.9,92.3,1984,19.2,37.0,77.8,2584,15.4,0.9,86.4,1910,13.1,
Corbin, Patrick,2020,L,1068,52.0,90.1,2116,18.1,42.3,78.5,2222,4.4,5.6,77.7,1550,15.7,
Clippard, Tyler,2020,R,416,37.9,89.1,2335,20.7,6.9,75.1,2322,12.6,55.0,79.1,1812,14.7,
Clevinger, Mike,2020,R,649,46.5,94.2,2375,17.5,45.1,80.9,2418,13.1,8.3,87.2,1479,16.4,
Cisnero, Jose,2020,R,519,63.0,96.2,2384,17.6,28.1,86.7,2508,5.1,8.8,90.8,1659,17,
Chirinos, Yonny,2020,R,190,60.5,93.4,2211,20,15.7,88,2280,8.2,23.6,85,1233,10.1,
Castillo, Diego,2020,R,320,35.3,96.1,1959,19.1,64.6,86.2,2224,4.9,,,,,
Buttrey, Ty,2020,R,428,58.1,96.1,2232,18.9,22.1,82.2,1912,4.1,19.6,86.2,1894,17.4,
Buehler, Walker,2020,R,600,76.8,96.1,2588,18.6,23.1,83.6,3013,16.4,,,,,
Brasier, Ryan,2020,R,424,62.0,96.2,2254,18.3,33.0,86.2,2426,7,4.9,87.4,1528,15.4,
Brach, Brad,2020,R,250,68.4,88.8,2278,13.8,7.6,81.1,2514,7.7,24.0,83.3,1869,14.6,
Curtiss, John,2020,R,384,56.5,94,2310,18.1,43.4,85.2,2568,6.2,,,,,
Bieber, Shane,2020,R,1238,53.6,92.7,2407,17.2,37.8,83.9,2413,13.2,8.4,88.7,1665,16.8,
Anderson, Shaun,2020,R,277,39.7,94.5,2498,15.8,53.4,88.3,2727,6.7,6.8,87.7,1722,12.1,
Anderson, Nick,2020,R,237,64.9,95.2,2222,20,35.0,84.3,2005,3,,,,,
Adam, Jason,2020,R,260,53.4,94.8,2728,17.2,31.1,81.4,2832,13.6,15.3,89.6,1982,16,
Zimmer, Kyle,2020,R,373,47.9,94.1,2162,15.1,48.2,81.2,2035,6.3,3.7,86.2,1441,12.2,
Yardley, Eric,2020,R,410,65.1,87.8,2037,18.1,34.1,73,2838,19.5,0.7,80.4,1714,15.7,
Weber, Ryan,2020,R,645,60.4,88.2,2039,17,21.7,76.8,2309,19,17.8,81.6,1801,15.7,
Voth, Austin,2020,R,895,73.4,91.1,2285,16.4,23.4,78.3,2811,14.4,3.1,86,1732,14.6,
Urena, Jose,2020,R,396,60.6,95.4,2172,17.3,32.3,85.6,2375,6.1,7.0,90.4,1724,17.7,
Thompson, Ryan,2020,R,419,60.8,91.3,1933,17.4,38.4,76.5,2158,19.6,0.7,79.5,1262,12.7,
Tepera, Ryan,2020,R,369,89.7,90.9,2338,13.3,5.1,82.3,2357,5.4,5.1,85,1098,10.9,
Tanaka, Masahiro,2020,R,769,31.5,92.1,2207,19.3,43.5,82.8,2295,5.9,24.8,87.1,1586,15.5,
Sulser, Cole,2020,R,416,57.4,93.8,2409,21.3,16.5,87.5,2367,9,25.9,85.7,1700,18.2,
Stratton, Chris,2020,R,547,46.4,93.2,2627,16.2,43.6,84.2,2967,10.4,9.8,86.4,2198,13.6,
Snell, Blake,2020,L,872,50.5,95,2404,19.5,29.5,83.8,2454,9.7,19.8,88,1740,17.4,
Smith, Josh A.,2020,R,426,34.7,90.3,2314,17.5,62.6,82.6,2713,13.4,2.5,82.7,1811,17.9,
Scherzer, Max,2020,R,1213,55.7,94,2489,17.2,28.1,82.8,2512,9.1,16.0,84.9,1446,15,
Rosenthal, Trevor,2020,R,381,71.1,98,2455,19,20.4,87.5,2395,5.8,8.3,87.8,1579,17.9,
Rogers, Tyler,2020,R,458,63.7,82.5,1953,12.8,36.2,71.4,2278,18.3,,,,,
Rodriguez, Richard,2020,R,391,72.3,92.9,2544,20.7,27.6,81.3,2408,9,,,,,
Rea, Colin,2020,R,241,69.2,91.5,2255,14.1,19.0,80.5,2332,12.4,11.6,85.5,1830,17.2,
Ramirez, Noe,2020,R,336,36.0,88.7,2183,16,30.9,76.8,2584,12,33.0,83.4,2092,14.7,
Peterson, David,2020,L,812,53.2,92,2093,18.6,28.0,80.7,2183,8.3,18.7,83.7,1928,18.4,
Perez, Oliver,2020,L,281,56.9,89.9,2107,19.4,43.0,76.1,2195,10.3,,,,,
Norris, Daniel,2020,L,490,47.5,92.7,2444,16.7,21.8,85.3,2571,5.3,30.6,87.6,1599,12.8,
Montero, Rafael,2020,R,289,71.9,95.5,2261,17.7,7.2,85.7,2350,8.7,20.7,89.1,2067,16.7,
Milner, Hoby,2020,L,235,56.5,87.9,1981,16.6,41.2,78.1,1821,15.6,2.1,79.2,1754,16,
Mazza, Chris,2020,R,538,68.9,90.5,2071,12.2,27.8,82.2,2388,8.1,3.1,84.8,1166,9.8,
Loup, Aaron,2020,L,341,80.9,89.5,2263,13.7,10.2,77.6,2542,16.7,8.7,80.6,2020,18.8,
Loaisiga, Jonathan,2020,R,394,67.2,96.7,2354,18.2,17.5,83.9,2720,11.6,15.2,88.8,1701,18,
Lindblom, Josh,2020,R,793,54.3,88.5,2509,14.9,26.3,74.1,2509,18,19.2,83.7,1535,14,
Lester, Jon,2020,L,1008,73.7,88.4,2248,14.2,12.7,73.4,2569,11.8,13.4,83.4,1905,15.1,
Kolarek, Adam,2020,L,252,83.7,89.2,2151,17.2,9.1,77.6,1877,9.2,7.1,81.5,2180,18.5,
Houser, Adrian,2020,R,922,63.9,93.4,2105,16.9,24.4,83.1,2135,10.7,11.6,84.9,1526,12.9,
Helsley, Ryan,2020,R,194,78.8,92.6,2528,11.3,17.0,80.5,2538,12.9,4.1,89.3,1513,18.1,
Happ, J.A.,2020,L,787,66.3,90.8,2306,18.3,19.8,84,2256,5.8,13.8,86.4,1755,17.9,
Greinke, Zack,2020,R,1049,41.6,87.9,2323,17.6,30.8,77.9,2429,12.1,27.4,84.7,1746,14.5,
Gonzalez, Gio,2020,L,618,46.7,89.8,2200,17.6,20.3,77.2,2688,17.9,32.8,82.8,1588,14.4,
Gonzalez, Chi Chi,2020,R,347,77.8,90.9,2368,10,7.4,81.1,2506,5,14.6,87.1,1877,12.3,
Gomber, Austin,2020,L,526,52.4,92.5,2151,19.5,40.1,80.1,2407,13.1,7.4,83.2,1767,16,
Ginkel, Kevin,2020,R,340,59.7,95.5,2387,19.5,39.4,84,2225,4.2,0.8,84.9,1872,17.3,
Fry, Paul,2020,L,376,53.1,92.8,2281,15.1,45.7,84.8,2802,15.9,1.0,89.6,1863,18.1,
Font, Wilmer,2020,R,368,70.3,94.9,2254,18.7,23.9,82.6,2322,10.1,5.7,84.6,1407,8.1,
Fiers, Mike,2020,R,916,43.1,88.1,2152,20.1,40.8,80.9,2397,14.3,16.0,82.1,1862,15.8,
Ferguson, Caleb,2020,L,304,100.0,93.6,2353,16.6,,,,,,,,,
Dunning, Dane,2020,R,571,60.4,91.9,2123,16.4,28.5,80.8,2118,9.8,11.0,85.6,1995,18.2,
Dolis, Rafael,2020,R,414,61.1,94.7,2235,20.1,20.2,84,2472,7.5,18.5,86.6,1361,12.8,
Dobnak, Randy,2020,R,748,48.3,91.6,1962,14.9,35.2,83.4,2392,2.3,16.3,85.6,1753,16,
Cordero, Jimmy,2020,R,424,70.9,96.5,2087,17.1,18.1,86.5,2183,4.3,10.8,88.5,1657,14.8,
Chavez, Jesse,2020,R,305,80.6,90.2,2210,16.7,14.0,83.4,2268,6.1,5.2,85.2,1988,18.7,
Canning, Griffin,2020,R,953,41.2,92.8,2359,19.9,43.5,87.5,2489,5.8,15.2,87.9,1761,17.6,
Boyd, Matthew,2020,L,1086,52.6,91.7,2303,18.2,30.1,78,2374,9,17.2,79.1,1900,17.5,
Berrios, Jose,2020,R,1102,51.4,94.2,2158,18.9,29.7,83.3,2353,15.1,18.7,84.7,1538,13.5,
Bauer, Trevor,2020,R,1165,67.5,91,2817,17.4,32.1,80.2,2937,19.8,0.2,84.3,1413,15.8,
Antone, Tejay,2020,R,593,40.6,95.6,2625,16.5,56.4,82.5,2758,11,2.8,86.9,1912,18.5,
Anderson, Tyler,2020,L,954,65.0,88.7,2332,17.7,1.8,71.9,2334,13,33.0,80.9,2004,18.8,
Anderson, Chase,2020,R,652,60.4,90.7,2273,15.6,16.1,77.2,2102,16.3,23.4,82.5,2257,21.1,
Alcantara, Sandy,2020,R,662,59.6,96.5,2351,18.6,30.0,85.9,2401,5.2,10.2,90.1,1983,17,
Ynoa, Huascar,2020,R,340,42.9,95,2071,18.6,47.3,86,2311,2.7,9.7,86.5,2030,18.6,
Wright, Kyle,2020,R,641,48.3,94.2,2303,18,37.2,86.1,2589,9.2,14.3,87.7,1745,17.3,
Wojciechowski, Asher,2020,R,674,45.9,90.9,2145,19.4,48.6,81.5,2334,12.5,5.3,84.6,1905,16.2,
Williams, Devin,2020,R,431,47.3,95.7,2390,18.8,,,,,52.6,84.1,2852,18.4,
Webb, Tyler,2020,L,346,59.8,90,2160,17.9,16.4,74.8,2255,7.8,23.6,78.6,1688,17.4,
Webb, Logan,2020,R,998,53.9,92.5,2109,15.5,15.3,81.5,2712,12.5,30.7,84.7,1614,12.9,
Teheran, Julio,2020,R,572,60.3,88.9,2265,16.4,28.4,78,2618,8.1,11.1,82,1681,17.4,
Taylor, Blake,2020,L,341,76.5,93.7,2281,16.3,22.5,85,2275,7.2,0.8,88.5,1565,13.7,
Tate, Dillon,2020,R,285,57.8,94.4,1966,17,25.9,85.5,2424,5.2,16.1,83.7,1710,17.6,
Stammen, Craig,2020,R,377,65.5,92.1,2107,17.6,32.8,85.4,2293,9.7,1.5,87.2,1906,18,
Smyly, Drew,2020,L,482,63.4,92.5,2262,16.8,36.5,80,2153,5.2,,,,,
Skubal, Tarik,2020,L,591,60.0,94.4,2422,20.4,23.5,82.9,2268,7.2,16.4,83.2,1648,17.6,
Singer, Brady,2020,R,1071,57.8,93.3,2241,18.3,37.4,83.1,2389,5.6,4.6,87.8,2164,18.8,
Sheffield, Justus,2020,L,880,48.0,91.9,1940,17.4,33.5,81.8,2503,6.2,18.4,86.3,1724,14.9,
Romano, Jordan,2020,R,237,40.0,96.5,2331,18.4,59.9,89.1,2225,4.8,,,,,
Sanchez, Anibal,2020,R,971,58.1,88.6,2153,16.1,6.1,76.3,2027,4.7,35.6,79.6,1492,15,
Rodriguez, Joely,2020,L,234,67.5,94.6,2069,18.5,2.5,87.7,2126,1.6,29.9,89.2,1075,11.9,
Reyes, Alex,2020,R,369,60.4,97.5,2523,19.6,35.5,84.5,2825,14,4.0,90.7,1493,15.2,
Neris, Hector,2020,R,399,51.8,93.9,2340,19,,,,,48.1,85.5,1162,8,
Nelson, Nick,2020,R,374,57.2,96.3,2092,18.8,18.1,82.9,2663,13.6,24.5,88.6,1787,16.6,
McCullers Jr., Lance,2020,R,884,44.0,93.7,2083,16.4,37.5,83.4,2787,16.1,18.4,86.3,1766,17,
May, Dustin,2020,R,866,81.5,96.7,2478,16.4,13.3,86.8,3090,11.7,5.0,90.7,1937,16.1,
Martin, Chris,2020,R,282,63.8,92.8,2151,15,25.8,82.6,2543,15.3,10.2,86.2,1381,11,
Martin, Brett,2020,L,222,53.1,94,2243,17.9,46.8,86.3,2182,4.9,,,,,
Marshall, Evan,2020,R,383,29.7,92.8,2299,17.8,31.5,82.1,2710,12.8,38.6,87.6,1692,16.8,
Johnson, Pierce,2020,R,310,45.8,96.3,2310,18.9,54.1,84.8,2969,14,,,,,
Lauer, Eric,2020,L,244,75.0,90.1,2234,16.2,20.4,79.8,2305,6.6,4.5,84.2,1532,16.7,
Kimbrel, Craig,2020,R,300,62.3,96.9,2266,17.8,37.6,86,2542,13.2,,,,,
Kilome, Franklyn,2020,R,229,53.7,94.3,2383,17.7,27.9,81.6,2195,10.6,18.3,85.5,1687,9.6,
Kikuchi, Yusei,2020,L,795,77.7,93.5,2218,14.4,15.9,83.3,2347,2.9,6.2,86.8,1453,13.1,
Kennedy, Ian,2020,R,227,82.3,92.1,2364,15.1,10.1,80.8,2556,14.9,7.4,86.8,1850,16.7,
Karinchak, James,2020,R,468,50.2,95.5,2396,21.2,49.7,83.2,2357,8,,,,,
Jones, Nate,2020,R,361,53.4,95.8,2457,20.3,46.2,88,2339,4.9,0.2,89.3,2270,18.2,
Hudson, Dakota,2020,R,589,59.0,92.8,2130,15.4,38.7,85.3,2328,6.9,2.2,86.6,1531,15.8,
Heuer, Codi,2020,R,374,65.7,97.6,2357,19.3,24.8,87.8,2114,5,9.3,89.1,2308,17.6,
Hernandez, Elieser,2020,R,453,58.9,91.3,2265,19.4,35.0,79.1,2265,16.2,5.9,83.6,1904,16,
Hatch, Thomas,2020,R,441,54.1,95.4,2576,17.7,20.6,88,2589,7.5,25.1,85.7,2034,10.5,
Glasnow, Tyler,2020,R,964,60.5,96.9,2409,17.6,34.7,82.4,2939,19,4.6,91.1,1784,16.2,
Guerra, Junior,2020,R,404,60.6,94,2446,19.8,21.7,81.8,2720,11,17.5,86.1,1244,16.2,
Guerra, Javy,2020,R,286,67.1,91.8,2202,20.1,25.1,83.5,2309,9.4,7.6,84.2,1553,15.2,
Gsellman, Robert,2020,R,278,64.7,93.5,2180,19.1,28.0,86.9,2433,10,7.1,85.9,1542,16.9,
Green, Chad,2020,R,425,75.0,95.5,2473,19.6,24.9,84.5,2528,7.6,,,,,
Gonzalez, Victor,2020,L,290,62.7,94.9,2181,19,35.8,84.4,2536,3.7,1.3,87.8,1944,17.1,
Givens, Mychal,2020,R,415,65.0,94.6,2415,15.8,14.2,84.9,2531,7,20.7,83,2135,11.9,
Giolito, Lucas,2020,R,1214,50.5,94,2349,20,15.7,84.4,2120,6.2,33.6,80.9,1414,15.9,
Gausman, Kevin,2020,R,975,51.0,95.1,2313,19.2,6.7,81.9,2353,3.1,42.1,84.2,1739,14.3,
Flaherty, Jack,2020,R,719,55.6,93.6,2166,15.9,42.2,82.1,2369,10.9,2.0,85.7,1842,15.5,
Familia, Jeurys,2020,R,455,59.7,96.6,2217,18.3,29.0,89.6,2317,7.1,11.2,91,1347,14.1,
Eovaldi, Nathan,2020,R,748,68.8,94.6,2202,13,17.1,79.6,2110,11.8,14.0,87.9,1486,9.8,
Dayton, Grant,2020,L,472,63.3,90.5,2227,20.1,36.2,75.8,2436,14.6,0.4,82.9,1903,16.5,
Davies, Zach,2020,R,1055,55.8,88.1,2089,18.2,2.8,74.5,2509,15.1,41.3,79.4,1728,16.7,
Cueto, Johnny,2020,R,1137,44.0,91.2,2202,18.5,28.8,82,2302,5.3,27.0,82.5,1333,12.5,
Covey, Dylan,2020,R,215,40.4,92,1958,13.2,43.7,84.9,2206,6,15.8,84.4,1073,8.3,
Civale, Aaron,2020,R,1200,60.1,89.7,2383,14.4,30.6,77.7,2799,16.4,9.1,85.3,2028,17.8,
Cabrera, Genesis,2020,L,397,56.4,96.2,2288,20.1,30.4,81.3,2464,13,13.0,88.5,1819,18,
Burnes, Corbin,2020,R,1010,67.0,94.7,2793,14.4,21.7,84.4,2932,10.3,11.1,88.9,1954,14.6,
Bubic, Kris,2020,L,931,54.2,91.4,2180,17.5,15.8,78.5,2570,15.7,29.8,79.6,1758,16.5,
Bradley, Archie,2020,R,276,65.9,94.1,2203,19.2,22.4,80,1933,10.5,11.5,86.1,1396,15.7,
Benjamin, Wes,2020,L,389,50.1,90.9,2366,21.5,37.7,82.9,2468,9.4,12.0,84.5,1804,17,
Bacus, Dakota,2020,R,225,34.2,90.7,2261,12.8,65.7,84.6,2586,5.3,,,,,
Armstrong, Shawn,2020,R,237,89.0,91.1,2552,13.3,10.9,82,2839,14.1,,,,,
Akin, Keegan,2020,L,500,62.0,91.9,2389,21.3,20.6,78.9,2489,9.9,17.4,81.3,1988,18,
deGrom, Jacob,2020,R,1135,44.9,98.6,2477,18.2,38.1,91.9,2570,6.6,16.9,91.4,1638,14.5,
Yamamoto, Jordan,2020,R,270,61.4,88.6,2427,13,37.0,76.5,2831,18.5,1.4,81.8,1757,13.2,
Woodruff, Brandon,2020,R,1211,65.1,96.4,2413,18.9,17.3,86.4,2555,6.6,17.5,86.7,1817,18.1,
Wilson, Justin,2020,L,345,96.5,93.3,2317,16.9,3.4,81.1,2643,10.2,,,,,
Widener, Taylor,2020,R,364,65.1,94.5,2396,18.7,20.8,85.9,2352,6.2,14.0,86.3,1857,17.9,
Wendelken, J.B.,2020,R,427,58.0,94.5,2401,15.5,34.6,84.2,2548,9.8,7.2,86.6,1544,16.3,
Turley, Nik,2020,L,373,55.4,94.2,2536,17.2,44.5,76.6,2815,20,,,,,
Tomlin, Josh,2020,R,575,69.9,86.3,2505,13.4,26.0,76.4,2720,7.6,4.0,84,1736,16.9,
Stock, Robert,2020,R,253,64.0,96.8,2218,18.2,22.9,84.6,2734,9,13.0,82.3,1501,16.3,
Sneed, Cy,2020,R,336,69.6,93,2350,18.1,28.8,81.1,2351,13.8,1.4,81.4,1454,10.8,
Senzatela, Antonio,2020,R,1136,55.8,94.3,2144,12.3,33.7,84.5,2213,7.1,10.3,86.4,2133,12.4,
Scott, Tanner,2020,L,345,61.1,96.5,2654,15.5,38.8,88.3,2778,5.6,,,,,
Samardzija, Jeff,2020,R,298,56.3,89.4,2580,17.4,25.5,83.8,2586,8.6,18.1,82.5,2196,17,
Rainey, Tanner,2020,R,278,61.8,96.5,2458,18.8,38.1,87,2400,5.4,,,,,
Porcello, Rick,2020,R,983,53.1,90.4,2176,18.8,34.2,84.6,2393,8.8,12.6,81.8,1682,16.4,
Pomeranz, Drew,2020,L,323,79.5,94.6,2474,19.1,20.4,84.1,2114,13.1,,,,,
Plutko, Adam,2020,R,446,50.2,91,2293,18.5,45.2,83.8,2593,10.9,4.4,84.3,1635,15,
Osich, Josh,2020,L,304,84.8,89.5,2244,8.2,15.1,76.9,2208,6.2,,,,,
Newsome, Ljay,2020,R,255,49.4,91.4,2078,18.3,26.6,77.1,1978,5.7,23.9,84.6,1772,13.5,
O'Day, Darren,2020,R,261,57.0,85.9,2287,15,42.9,78.3,2267,8.3,,,,,
Montgomery, Jordan,2020,L,747,52.3,92.2,2252,17.9,22.0,80.5,2280,3.7,25.5,83.2,1756,17.5,
Mills, Alec,2020,R,945,58.9,89.9,2197,17.5,25.0,71,2460,16.8,15.9,80.8,1707,15.9,
McKenzie, Triston,2020,R,550,53.0,92.8,2336,20.7,36.7,83.5,2196,7.7,10.1,86.8,1654,15,
Hendriks, Liam,2020,R,370,70.8,96,2445,21.3,29.1,86.1,2200,5.9,,,,,
Matzek, Tyler,2020,L,483,71.4,93.7,2404,16.9,28.5,81.9,2943,11.7,,,,,
Luzardo, Jesus,2020,L,911,51.7,95.4,2412,19.9,23.4,84,2533,2.6,24.8,87.4,1930,17.9,
Lopez, Jorge,2020,R,635,59.8,93.7,1896,18.5,30.8,81.1,2339,13.6,9.2,86.2,1582,16,
Lail, Brady,2020,R,300,50.3,90,2381,19.6,34.6,81.7,2494,10.2,15.0,85.9,1697,16.2,
Kintzler, Brandon,2020,R,343,75.8,91.3,1941,18.1,10.4,84.6,2322,3.4,13.7,86,2068,20,
Kinley, Tyler,2020,R,371,33.4,95.9,2343,16.7,59.8,89.4,2595,4.7,6.7,88.4,1771,15.6,
Houck, Tanner,2020,R,265,61.5,92.1,2073,12.4,35.4,82.2,2476,14,3.0,87.1,1571,12.6,
Holder, Jonathan,2020,R,397,62.2,91.3,2420,15.9,13.6,79.9,2780,13.6,24.1,87.2,1775,17,
Hill, Rich,2020,L,600,52.0,87.3,2394,20.2,47.6,72.6,2842,23,0.3,81.7,1401,20.2,
Hahn, Jesse,2020,R,292,56.5,94.9,2265,19.7,43.4,79.1,3125,20.5,,,,,
Guerra, Javy,2020,R,235,68.0,98.4,2143,18.8,27.2,87.8,2522,6.2,4.6,91.9,1742,17.1,
Greene, Shane,2020,R,398,64.8,90.2,2266,14.9,21.8,80.5,2504,15.7,13.3,86,1560,13.6,
Gray, Jon,2020,R,658,49.3,94,2147,16,37.5,84.4,2418,6.7,13.0,86.5,1550,15.5,
Graterol, Brusdar,2020,R,291,70.7,99.3,1979,16.6,28.8,89.1,2477,9.4,0.3,92.1,1798,13.9,
Gibson, Kyle,2020,R,1139,49.4,92.3,2168,18.4,32.7,82,2465,7.2,17.8,84.4,1652,16.3,
Garcia, Yimi,2020,R,241,49.3,94.4,2569,14.6,40.2,86.3,2616,8.1,10.3,87.8,1854,17.7,
Garcia, Bryan,2020,R,332,64.1,94.4,2185,18.7,21.9,87.3,2439,4.8,13.8,86.7,1894,18.1,
Fry, Jace,2020,L,339,77.5,88.2,2334,8.9,17.4,76.4,2156,14.1,5.0,85.2,1641,14.9,
Fried, Max,2020,L,899,51.9,93,2089,12.3,43.1,79,2643,16.7,4.8,83.1,1546,12.1,
Fairbanks, Pete,2020,R,490,59.1,97.3,2419,17,40.8,87.2,2380,5.7,,,,,
Cease, Dylan,2020,R,1085,47.8,97.5,2521,16.5,39.4,83.6,2772,11.1,12.7,82.9,1789,16.2,
Castillo, Luis,2020,R,1153,52.2,97.4,2153,17.6,17.6,86.8,2489,1.9,30.0,88.2,1949,16.6,
Bumgarner, Madison,2020,L,710,76.0,86.1,2445,13.9,22.6,76.9,2493,11.5,1.2,83.1,1684,14.5,
Bassitt, Chris,2020,R,946,77.6,91.3,2146,15.8,12.0,71,2206,17.9,10.2,83.6,1971,19.9,
Barnes, Jacob,2020,R,309,99.0,92.2,2358,13.6,,,,,0.9,87.8,1265,11.2,
Barlow, Scott,2020,R,493,36.7,94.9,2308,16.4,63.2,81.7,2420,11.7,,,,,
Andriese, Matt,2020,R,500,51.4,90.8,2324,16.2,11.8,80,2710,14.2,36.8,86,2148,5,
Almonte, Yency,2020,R,446,42.8,94.8,2111,14.7,44.8,84.4,2316,5.6,12.3,87.9,1789,15.3,
Allard, Kolby,2020,L,658,77.2,89.6,2211,14.4,10.1,76.7,2031,11.7,12.6,82.5,1743,17.8,
Alexander, Tyler,2020,L,599,58.0,89.6,2211,15.4,24.0,82.8,2349,5.8,17.8,84.5,1549,14.5,
Yarbrough, Ryan,2020,L,834,59.3,84.7,2068,12.9,10.6,70.9,2316,18.1,29.9,78.6,1983,18.1,
Wittgren, Nick,2020,R,377,60.7,92.9,2221,19.1,15.1,85.3,2493,5.6,24.1,86.1,1745,15,
Williams, Trevor,2020,R,1017,51.0,91.2,2225,14.1,33.7,81.7,2287,7.9,15.2,85.1,1851,15.6,
Weems, Jordan,2020,R,222,62.1,95.3,2221,20.1,18.4,85.8,2272,7,19.3,86,1307,13.2,
Walden, Marcus,2020,R,285,78.2,91.2,2125,8.5,21.7,84.7,2199,8.4,,,,,
Wainwright, Adam,2020,R,930,59.2,87.6,2253,13.5,38.2,73.5,2791,22,2.4,81.9,1683,15.3,
Wacha, Michael,2020,R,609,69.6,91.7,2101,14.4,1.1,75.3,2195,14.9,29.2,86.9,1538,15.8,
Velasquez, Vince,2020,R,650,57.5,93.7,2419,19.9,28.1,84.4,2433,9.7,14.3,88.2,1580,15.4,
Trivino, Lou,2020,R,370,82.7,94,2134,14.8,10.5,78.3,2365,14.8,6.7,86.7,1808,16.8,
Thorpe, Lewis,2020,L,272,47.4,89.7,1958,17.1,38.6,79.9,2152,9.3,13.9,82.3,1597,16.6,
Strahm, Matt,2020,L,308,55.8,92.9,2334,19.6,33.7,83.2,2524,8.1,10.3,85.8,2140,18.5,
Soto, Gregory,2020,L,394,79.6,97.2,2422,17.9,20.3,87.7,2396,5.8,,,,,
Schreiber, John,2020,R,281,51.9,89.8,2142,7.1,34.5,77.6,2441,15.6,13.5,84.8,1570,13.2,
Sandoval, Patrick,2020,L,598,44.6,92.8,2021,16.3,32.4,83.2,2584,9.1,22.9,84.2,1566,15.1,
Ramirez, Yohan,2020,R,420,60.0,95.6,2363,17.5,40.0,81.9,2417,18.3,,,,,
Robles, Hansel,2020,R,317,51.7,95.4,2345,20.5,11.9,88.8,2325,5.1,36.2,88.1,1456,16,
Richards, Trevor,2020,R,576,50.6,90.5,2155,20.7,18.2,82.6,2038,5.3,31.0,82.5,2398,18.2,
Quantrill, Cal,2020,R,504,53.9,94.9,2156,18.7,35.3,86.1,2437,4.1,10.7,85.5,1608,14,
Pivetta, Nick,2020,R,290,49.3,92.8,2332,21.1,44.4,82.3,2492,12,6.2,85.8,1753,16.7,
Pineda, Michael,2020,R,455,50.1,92.1,1942,16.5,38.4,82.4,2019,2,11.4,85.6,1726,17.9,
Paxton, James,2020,L,356,71.6,90.7,2184,17.2,15.7,79.7,2120,9.2,12.6,82,2220,16.4,
Parker, Blake,2020,R,315,41.2,90.6,1999,17.3,16.5,76.1,2159,12.5,42.2,80,943,9.9,
Paredes, Enoli,2020,R,362,68.2,95.7,2396,16.9,29.8,84.9,2894,10.8,1.9,89.5,2062,19.3,
Pagan, Emilio,2020,R,366,98.0,91.6,2366,13.6,1.9,82.3,2510,5.4,,,,,
Odorizzi, Jake,2020,R,204,49.0,92.2,2208,17.7,22.5,82.4,2064,7.5,28.4,84.8,1223,10.5,
Musgrove, Joe,2020,R,673,45.1,91.8,2418,12.7,44.1,81.8,2692,15.1,10.6,86.5,2078,14.1,
Minor, Mike,2020,L,979,50.6,90.6,2587,14.3,27.1,84.3,2737,8.5,22.1,85.4,2263,20.5,
Melancon, Mark,2020,R,323,57.8,91.9,2341,10.3,39.0,81.8,2647,15.2,3.0,84.1,1906,16.9,
Means, John,2020,L,745,52.3,93.8,2458,20.5,22.9,82.4,2402,12.9,24.6,84.9,2414,21.9,
McGee, Jake,2020,L,332,96.9,94.9,2274,19.1,3.0,82.5,2025,3.9,,,,,
May, Trevor,2020,R,411,51.8,96.3,2397,18.2,32.6,85.3,2506,6.1,15.5,87.7,1919,18.1,
Maton, Phil,2020,R,379,79.6,90.3,2584,12.6,20.3,76.7,2943,21,,,,,
Manaea, Sean,2020,L,812,54.3,90.4,1879,16.4,17.7,78.7,1993,7.2,27.9,82.5,1104,7.7,
Lugo, Seth,2020,R,610,54.9,93.4,2245,19.2,34.4,82.5,2833,15.5,10.6,87.4,1703,17.5,
Knebel, Corey,2020,R,263,62.7,94.3,2396,18.2,33.8,78.1,2721,20.5,3.4,87.7,1618,15.5,
Kershaw, Clayton,2020,L,888,41.1,91.6,2484,19.7,58.6,83.5,2633,11.8,0.2,86.9,2178,20.6,
Jimenez, Joe,2020,R,389,62.2,94.2,2465,19.8,30.5,83.9,2274,6.3,7.1,89,2050,17.5,
Javier, Cristian,2020,R,889,62.9,92.2,2364,19.5,29.8,78.3,2626,13.7,7.1,85.9,1938,18.6,
Jackson, Luke,2020,R,457,36.7,94.3,2258,20.2,63.2,85.4,2468,8.8,,,,,
Holland, Derek,2020,L,719,46.7,92.3,2440,20.7,37.2,80.7,2227,3.3,15.9,84.3,2273,19.5,
Hernandez, Carlos,2020,R,255,51.3,96.2,2374,19.3,33.3,83,2261,8.9,15.2,85.9,1500,15.8,
Hearn, Taylor,2020,L,352,60.5,95,2290,18.7,28.1,83.7,2186,7.9,11.3,85,1746,14.2,
Garcia, Jarlin,2020,L,284,48.5,93.7,2187,19.5,33.0,83.5,2324,6.9,18.3,85.9,2158,18.8,
Gant, John,2020,R,240,64.1,92.2,2499,16.7,12.5,76.3,2559,16.7,23.3,81.8,1544,13.7,
Erlin, Robbie,2020,L,461,56.6,89.3,2262,19,27.3,75.9,2590,17,16.0,82.9,1508,13.2,
Diekman, Jake,2020,L,354,59.3,95.1,2246,18.8,40.3,82.5,2763,14.4,0.2,89.4,1566,18.5,
Clarke, Taylor,2020,R,703,45.5,94.3,2336,19.2,37.5,84.5,2311,7.4,16.9,88.9,1508,16.3,
Cishek, Steve,2020,R,374,47.5,90.3,2321,16.6,51.3,78.2,2342,13.3,1.0,82.4,1848,18.1,
Brubaker, JT,2020,R,804,49.0,93.7,2286,18,46.0,85.5,2700,6,4.9,88.2,1802,15.4,
Britton, Zack,2020,L,289,80.2,94.8,2005,14.4,19.7,81.1,2555,11.7,,,,,
Brice, Austin,2020,R,359,61.5,93.7,2177,17.8,37.3,81.7,2692,8.5,1.1,88.5,1733,14,
Boxberger, Brad,2020,R,357,55.1,92.5,2483,18.9,18.2,88,2432,10.8,26.6,81.2,1400,15.5,
Bielak, Brandon,2020,R,597,63.1,92.3,2372,16.2,19.2,81.7,2417,12.6,17.5,86.4,1871,17.7,
Beeks, Jalen,2020,L,323,56.3,91.4,2086,16.2,,,,,43.6,88,1902,18,
Bard, Daniel,2020,R,404,56.4,97,2671,14.8,30.9,87.6,2815,6.7,12.6,89.7,2126,16.3,