,PLAYER,TEAM,G,AB,R,H,2B,3B,HR,RBI,BB,SO,SB,CS,AVG,OBP,SLG,OPS,FIRSTNAME,LASTNAME
0,ChristianC YelichYelich,MIL,--,316,68,113,19,2,32,73,55,81,21,2,0.358,0.455,0.7340000000000001,1.189,Christian,Yelich
1,MikeM TroutTrout,LAA,--,327,83,99,17,1,35,78,72,81,9,2,0.303,0.442,0.682,1.124,Mike,Trout
2,CodyC BellingerBellinger,LAD,--,365,85,116,27,3,29,71,61,70,10,4,0.318,0.417,0.647,1.063,Cody,Bellinger
3,FreddieF FreemanFreeman,ATL,--,436,83,135,28,2,30,97,76,83,6,3,0.31,0.416,0.589,1.005,Freddie,Freeman
4,JoshJ BellBell,PIT,--,384,76,114,32,3,28,91,57,76,0,0,0.297,0.387,0.615,1.002,Josh,Bell
5,JuanJ SotoSoto,WSH,--,356,82,100,20,2,28,77,80,89,9,1,0.281,0.416,0.584,1.0,Juan,Soto
6,GeorgeG SpringerSpringer,HOU,--,354,71,106,17,2,31,78,43,81,4,1,0.299,0.377,0.621,0.999,George,Springer
7,RafaelR DeversDevers,BOS,--,439,92,145,39,4,25,86,42,77,8,7,0.33,0.388,0.608,0.996,Rafael,Devers
8,AnthonyA RendonRendon,WSH,--,409,79,131,35,2,24,100,54,59,2,1,0.32,0.404,0.5920000000000001,0.996,Anthony,Rendon
9,0KetelK MarteMarte2,ARI,--,404,67,132,25,8,20,61,46,64,8,2,0.327,0.396,0.5770000000000001,0.973,0Ketel,Marte
10,NelsonN CruzCruz,MIN,--,339,55,104,21,0,25,79,36,102,0,1,0.307,0.381,0.59,0.97,Nelson,Cruz
11,AnthonyA RizzoRizzo,CHC,--,388,70,119,24,3,21,64,56,66,4,1,0.307,0.416,0.546,0.962,Anthony,Rizzo
12,AustinA MeadowsMeadows,TB,--,363,66,108,21,4,24,57,45,78,10,5,0.298,0.384,0.5760000000000001,0.96,Austin,Meadows
13,MattM OlsonOlson,OAK,--,326,51,94,19,0,25,64,42,97,0,0,0.28800000000000003,0.38,0.5770000000000001,0.956,Matt,Olson
14,JeffJ McNeilMcNeil,NYM,--,369,66,118,28,1,20,59,26,55,2,4,0.32,0.387,0.564,0.95,Jeff,McNeil
15,XanderX BogaertsBogaerts,BOS,--,449,79,142,39,0,23,80,58,87,2,2,0.316,0.393,0.557,0.95,Xander,Bogaerts
16,YoanY MoncadaMoncada,CWS,--,357,64,115,19,3,21,54,31,105,7,1,0.322,0.377,0.569,0.945,Yoan,Moncada
17,MookieM BettsBetts,BOS,--,431,98,131,27,5,23,67,67,79,15,3,0.304,0.395,0.55,0.945,Mookie,Betts
18,AlexA BregmanBregman,HOU,--,391,86,107,23,1,25,74,91,60,4,1,0.274,0.415,0.529,0.945,Alex,Bregman
19,PeteP AlonsoAlonso,NYM,--,447,77,119,22,1,39,85,48,126,1,0,0.266,0.359,0.5820000000000001,0.941,Pete,Alonso
20,CharlieC BlackmonBlackmon,COL,--,365,70,116,27,6,18,57,28,62,2,4,0.318,0.368,0.573,0.94,Charlie,Blackmon
21,JorgeJ SolerSoler,KC,--,446,71,119,25,0,39,87,54,133,1,1,0.267,0.354,0.585,0.939,Jorge,Soler
22,NolanN ArenadoArenado,COL,--,426,68,134,24,1,28,88,35,64,2,0,0.315,0.364,0.573,0.937,Nolan,Arenado
23,BryanB ReynoldsReynolds,PIT,--,347,63,116,27,4,11,51,37,85,3,2,0.334,0.401,0.53,0.931,Bryan,Reynolds
24,MichaelM BrantleyBrantley,HOU,--,412,71,133,32,2,19,68,36,39,2,0,0.32299999999999995,0.38,0.5489999999999999,0.928,Michael,Brantley
25,MichaelM ConfortoConforto,NYM,--,375,73,99,22,1,27,66,69,99,6,1,0.264,0.382,0.544,0.926,Michael,Conforto
26,JocJ PedersonPederson,LAD,--,401,77,101,14,3,36,73,49,96,1,1,0.252,0.349,0.5710000000000001,0.92,Joc,Pederson
27,JoshJ DonaldsonDonaldson,ATL,--,428,73,116,26,0,30,79,68,113,3,2,0.271,0.375,0.542,0.917,Josh,Donaldson
28,YuliY GurrielGurriel,HOU,--,406,62,130,25,1,24,81,19,53,3,2,0.32,0.35200000000000004,0.564,0.916,Yuli,Gurriel
29,TrevorT StoryStory,COL,--,416,84,119,24,4,26,61,45,125,15,4,0.28600000000000003,0.36,0.55,0.911,Trevor,Story
30,EugenioE SuárezSuarez,CIN,--,452,63,122,18,2,38,79,40,140,1,1,0.27,0.34,0.5710000000000001,0.911,Eugenio,Suárez
31,KyleK SchwarberSchwarber,CHC,--,420,65,107,25,2,32,74,59,120,2,3,0.255,0.348,0.552,0.9,Kyle,Schwarber
32,TreyT ManciniMancini,BAL,--,411,66,122,23,2,23,71,41,96,1,0,0.297,0.363,0.53,0.894,Trey,Mancini
33,FranciscoF LindorLindor,CLE,--,400,63,119,29,2,24,50,23,66,14,4,0.298,0.333,0.56,0.893,Francisco,Lindor
34,BrettB GardnerGardner,NYY,--,359,67,95,20,6,23,57,43,76,10,1,0.265,0.34600000000000003,0.546,0.892,Brett,Gardner
35,JorgeJ PolancoPolanco,MIN,--,435,82,133,30,6,16,55,50,73,3,2,0.306,0.378,0.513,0.8909999999999999,Jorge,Polanco
36,MaxM MuncyMuncy,LAD,--,330,71,80,16,0,24,60,71,97,2,0,0.242,0.377,0.509,0.8859999999999999,Max,Muncy
37,Shin-SooS ChooChoo,TEX,--,397,67,111,27,2,18,42,64,112,11,1,0.28,0.393,0.494,0.8859999999999999,Shin-Soo,Choo
38,CarlosC SantanaSantana,CLE,--,388,76,101,21,1,23,53,74,74,2,0,0.26,0.381,0.4970000000000001,0.879,Carlos,Santana
39,RonaldR AcuñaAcuna,ATL,--,500,98,141,20,1,31,77,61,150,32,7,0.282,0.366,0.512,0.878,Ronald,Acuña
40,CoreyC SeagerSeager,LAD,--,322,63,93,36,1,13,63,30,54,1,0,0.289,0.348,0.528,0.8759999999999999,Corey,Seager
41,MarcusM SemienSemien,OAK,--,479,92,132,29,4,26,70,62,78,10,5,0.276,0.36,0.516,0.8759999999999999,Marcus,Semien
42,TimT AndersonAnderson,CWS,--,354,53,120,23,0,13,39,9,81,13,4,0.339,0.36,0.514,0.8740000000000001,Tim,Anderson
43,StarlingS MarteMarte,PIT,--,405,79,123,23,4,17,66,23,66,18,4,0.304,0.362,0.506,0.868,Starling,Marte
44,KrisK BryantBryant,CHC,--,438,85,122,29,0,22,57,51,117,3,0,0.279,0.37,0.495,0.866,Kris,Bryant
45,TreaT TurnerTurner,WSH,--,404,75,118,28,5,17,51,33,90,27,4,0.292,0.349,0.512,0.862,Trea,Turner
46,GleyberG TorresTorres,NYY,--,406,69,112,17,0,29,67,33,92,5,1,0.276,0.329,0.532,0.861,Gleyber,Torres
47,LukeL VoitVoit,NYY,--,321,57,86,16,1,16,49,55,109,0,0,0.268,0.386,0.474,0.86,Luke,Voit
48,DannyD SantanaSantana,TEX,--,329,55,94,15,5,19,54,15,100,15,4,0.28600000000000003,0.32299999999999995,0.535,0.858,Danny,Santana
49,HunterH DozierDozier,KC,--,402,56,112,25,8,18,64,38,115,2,0,0.279,0.342,0.515,0.856,Hunter,Dozier
50,JustinJ TurnerTurner,LAD,--,319,53,93,13,0,15,44,36,53,2,0,0.292,0.378,0.473,0.852,Justin,Turner
51,BryceB HarperHarper,PHI,--,386,63,96,25,1,20,70,77,125,13,2,0.249,0.375,0.474,0.8490000000000001,Bryce,Harper
52,JoseJ AltuveAltuve,HOU,--,370,62,106,17,2,20,52,32,66,4,4,0.28600000000000003,0.343,0.505,0.8490000000000001,Jose,Altuve
53,MattM ChapmanChapman,OAK,--,429,73,109,28,2,25,66,50,112,1,1,0.254,0.344,0.503,0.848,Matt,Chapman
54,EloyE JiménezJimenez,CWS,--,333,48,90,12,2,24,59,19,89,0,0,0.27,0.313,0.535,0.847,Eloy,Jiménez
55,MaxM KeplerKepler,MIN,--,377,77,89,25,0,27,54,47,75,1,4,0.236,0.328,0.517,0.845,Max,Kepler
56,DanielD VogelbachVogelbach,SEA,--,338,55,76,13,0,25,59,72,109,0,0,0.225,0.359,0.485,0.8440000000000001,Daniel,Vogelbach
57,ChristianC WalkerWalker,ARI,--,384,63,102,18,1,23,59,39,115,7,1,0.266,0.34,0.4970000000000001,0.838,Christian,Walker
58,BrianB AndersonAnderson,MIA,--,347,49,94,28,1,14,54,38,84,5,1,0.271,0.355,0.478,0.8340000000000001,Brian,Anderson
59,JasonJ HeywardHeyward,CHC,--,401,69,106,16,4,19,51,60,81,8,3,0.264,0.365,0.466,0.831,Jason,Heyward
60,MikeM MoustakasMoustakas,MIL,--,360,58,88,21,1,24,60,40,71,3,0,0.244,0.32299999999999995,0.508,0.831,Mike,Moustakas
61,DJD LeMahieuLeMahieu,NYY,--,442,77,137,22,2,16,71,29,67,2,1,0.31,0.35200000000000004,0.477,0.83,DJ,LeMahieu
62,KevinK NewmanNewman,PIT,--,367,40,116,15,4,11,59,19,50,14,5,0.316,0.355,0.469,0.8240000000000001,Kevin,Newman
63,VladimirV Guerrero Jr.Guerrero Jr.,TOR,--,334,35,98,21,2,11,54,31,68,0,1,0.293,0.355,0.467,0.8220000000000001,Vladimir,Guer
64,JonathanJ VillarVillar,BAL,--,415,81,116,24,4,15,48,45,110,31,4,0.28,0.354,0.465,0.8190000000000001,Jonathan,Villar
65,JavierJ BáezBaez,CHC,--,429,62,118,34,2,21,68,20,126,3,5,0.275,0.307,0.51,0.818,Javier,Báez
66,WillyW AdamesAdames,TB,--,349,51,102,20,1,12,37,33,98,3,1,0.292,0.358,0.458,0.8170000000000001,Willy,Adames
67,KoleK CalhounCalhoun,LAA,--,387,69,93,24,1,23,47,47,118,3,1,0.24,0.33,0.486,0.816,Kole,Calhoun
68,JoseJ RamírezRamirez,CLE,--,326,45,81,24,3,16,59,37,60,17,4,0.248,0.327,0.488,0.815,Jose,Ramírez
69,JoeyJ VottoVotto,CIN,--,373,63,100,25,1,14,37,54,79,3,0,0.268,0.361,0.453,0.8140000000000001,Joey,Votto
70,YasmaniY GrandalGranda,MIL,--,358,53,86,19,1,17,52,72,96,3,1,0.24,0.3720000000000001,0.441,0.8140000000000001,Yasmani,Granda
71,EddieE RosarioRosario,MIN,--,409,70,112,17,1,27,82,14,63,3,1,0.274,0.294,0.518,0.813,Eddie,Rosario
72,J.T.J RealmutoRealmut,PHI,--,393,66,108,24,3,17,61,32,89,5,1,0.275,0.329,0.481,0.81,J.T.,Realmut
73,EduardoE EscobarEscobar,ARI,--,445,64,114,17,8,24,83,42,95,4,1,0.256,0.318,0.4920000000000001,0.81,Eduardo,Escobar
74,WhitW MerrifieldMerrifield,KC,--,488,71,152,27,9,8,46,31,94,10,8,0.311,0.35700000000000004,0.453,0.81,Whit,Merrifield
75,MarcellM OzunaOzuna,STL,--,402,66,99,19,1,23,69,56,90,12,2,0.246,0.339,0.47,0.809,Marcell,Ozuna
76,AvisailA GarcíaGarcia,TB,--,327,39,95,18,1,13,53,17,85,10,3,0.29100000000000004,0.334,0.471,0.805,Avisail,García
77,RyanR BraunBraun,MIL,--,302,48,86,18,1,12,50,18,78,8,1,0.285,0.334,0.47,0.804,Ryan,Braun
78,NickN CastellanosCastellanos,CHC,--,507,78,138,45,3,19,54,31,127,2,2,0.272,0.318,0.485,0.8029999999999999,Nick,Castellanos
79,FranmilF ReyesReyes,CLE,--,369,49,88,10,0,30,58,30,117,0,0,0.238,0.292,0.509,0.802,Franmil,Reyes
80,KoltenK WongWong,STL,--,367,50,104,21,4,8,48,42,65,20,4,0.28300000000000003,0.369,0.428,0.797,Kolten,Wong
81,AdamA EatonEaton,WSH,--,428,76,118,18,4,13,39,53,78,11,1,0.276,0.366,0.428,0.794,Adam,Eaton
82,J.D.J MartinezMartinez,BOS,--,434,60,118,24,1,17,65,47,107,1,0,0.272,0.344,0.449,0.7929999999999999,J.D.,Martinez
83,PaulP GoldschmidtGoldschmidt,STL,--,493,73,127,23,0,25,73,56,142,2,0,0.258,0.335,0.456,0.7909999999999999,Paul,Goldschmidt
84,AsdrubalA CabreraCabrera,WSH,--,330,56,85,17,1,15,68,38,83,3,0,0.258,0.337,0.452,0.7879999999999999,Asdrubal,Cabrera
85,JackieJ Bradley Jr.Bradley Jr.,BOS,--,330,50,76,20,3,17,46,40,99,5,5,0.23,0.324,0.464,0.787,Jackie,Bra
86,YasielY PuigPuig,CLE,--,419,59,110,24,2,19,61,30,103,16,6,0.263,0.317,0.465,0.7829999999999999,Yasiel,Puig
87,PaulP DeJongDeJong,STL,--,470,78,111,24,1,27,68,47,116,6,5,0.236,0.318,0.464,0.782,Paul,DeJong
88,AdamA FrazierFrazier,PIT,--,411,66,117,25,5,9,39,31,53,5,3,0.285,0.34600000000000003,0.436,0.7809999999999999,Adam,Frazier
89,EricE HosmerHosmer,SD,--,463,60,128,20,1,21,83,29,130,0,3,0.276,0.321,0.46,0.7809999999999999,Eric,Hosmer
90,CesarC HernandezHernandez,PHI,--,441,63,126,22,3,13,55,33,78,8,1,0.28600000000000003,0.342,0.438,0.78,Cesar,Hernandez
91,OzzieO AlbiesAlbies,ATL,--,491,73,131,34,7,13,53,48,92,12,4,0.267,0.334,0.444,0.778,Ozzie,Albies
92,RyanR McMahonMcMahon,COL,--,328,50,81,17,1,14,55,47,104,4,1,0.247,0.342,0.433,0.775,Ryan,McMahon
93,DexterD FowlerFowler,STL,--,379,54,93,21,1,15,54,56,115,8,5,0.245,0.35,0.425,0.775,Dexter,Fowler
94,JoseJ AbreuAbreu,CWS,--,470,58,121,27,1,24,92,24,121,2,1,0.257,0.299,0.472,0.772,Jose,Abreu
95,BrandonB BeltBelt,SF,--,393,61,95,25,3,14,45,60,87,4,3,0.242,0.341,0.4270000000000001,0.769,Brandon,Belt
96,TommyT PhamPham,TB,--,408,50,101,20,2,18,56,44,88,17,2,0.248,0.326,0.439,0.765,Tommy,Pham
97,AndrewA BenintendiBenintendi,BOS,--,381,52,101,28,5,8,41,38,97,10,2,0.265,0.336,0.428,0.764,Andrew,Benintendi
98,ColinC MoranMoran,PIT,--,389,40,108,26,1,11,69,29,99,0,0,0.278,0.329,0.434,0.764,Colin,Moran
99,0RhysR HoskinsHoskins1,PHI,--,432,59,93,24,4,20,58,71,135,1,2,0.215,0.335,0.428,0.764,0Rhys,Hoskins
100,AlexA GordonGordon,KC,--,403,60,110,23,1,10,54,38,69,3,3,0.273,0.35,0.409,0.76,Alex,Gordon
101,JasonJ KipnisKipnis,CLE,--,303,35,74,17,1,14,50,31,62,7,2,0.244,0.311,0.446,0.7559999999999999,Jason,Kipnis
102,DomingoD SantanaSantana,SEA,--,329,42,85,15,1,13,50,30,116,6,1,0.258,0.322,0.429,0.7509999999999999,Domingo,Santana
103,ChristianC VázquezVazque,BOS,--,324,36,88,16,1,12,44,20,75,2,2,0.272,0.312,0.438,0.75,Christian,Vázque
104,VictorV RoblesRobles,WSH,--,409,65,105,24,2,14,52,27,108,16,5,0.257,0.319,0.428,0.746,Victor,Robles
105,FreddyF GalvisGalvis,CIN,--,377,51,94,15,1,19,51,25,107,2,2,0.249,0.29600000000000004,0.446,0.742,Freddy,Galvis
106,JoseJ IglesiasIglesias,CIN,--,382,46,112,19,2,8,46,14,56,6,4,0.293,0.32,0.416,0.736,Jose,Iglesias
107,DansbyD SwansonSwanson,ATL,--,384,61,92,24,2,13,49,42,105,8,3,0.24,0.32,0.414,0.7340000000000001,Dansby,Swanson
108,DavidD FletcherFletcher,LAA,--,415,50,123,21,3,3,37,34,53,7,2,0.29600000000000004,0.35,0.383,0.733,David,Fletcher
109,RenatoR NúñezNunez,BAL,--,341,38,78,15,0,18,52,30,99,1,1,0.229,0.302,0.431,0.733,Renato,Núñez
110,AdamA JonesJones,ARI,--,328,45,85,14,0,12,45,21,68,2,1,0.259,0.317,0.412,0.728,Adam,Jones
111,EvanE LongoriaLongoria,SF,--,313,41,75,12,1,14,45,25,85,2,1,0.24,0.303,0.419,0.721,Evan,Longoria
112,RandalR GrichukGrichuk,TOR,--,398,51,89,20,2,22,54,19,117,1,1,0.224,0.265,0.45,0.715,Randal,Grichuk
113,MannyM MachadoMachado,SD,--,460,62,110,15,1,19,58,47,102,3,1,0.239,0.315,0.4,0.715,Manny,Machado
114,WilsonW RamosRamo,NYM,--,366,36,99,15,0,9,53,29,54,1,0,0.27,0.329,0.385,0.7140000000000001,Wilson,Ramo
115,AmedA RosarioRosario,NYM,--,468,46,131,18,6,9,54,19,92,16,8,0.28,0.311,0.402,0.713,Amed,Rosario
116,JoshJ ReddickReddick,HOU,--,391,40,104,14,3,9,46,30,48,4,2,0.266,0.312,0.386,0.698,Josh,Reddick
117,ElvisE AndrusAndrus,TEX,--,418,56,115,18,2,8,50,22,66,22,7,0.275,0.311,0.385,0.696,Elvis,Andrus
118,MiguelM RojasRojas,MIA,--,345,39,96,23,1,2,32,22,51,9,3,0.278,0.325,0.368,0.693,Miguel,Rojas
119,JeanJ SeguraSegura,PHI,--,441,45,122,20,3,6,42,21,56,9,1,0.277,0.316,0.376,0.693,Jean,Segura
120,NickN AhmedAhmed,ARI,--,415,53,97,18,5,13,58,36,90,7,2,0.234,0.295,0.395,0.69,Nick,Ahmed
121,MiguelM CabreraCabrera,DET,--,396,31,106,12,0,8,39,35,86,0,0,0.268,0.329,0.359,0.687,Miguel,Cabrera
122,AlbertA PujolsPujols,LAA,--,326,35,77,13,0,12,56,29,46,2,0,0.236,0.299,0.387,0.6859999999999999,Albert,Pujols
123,StarlinS CastroCastro,MIA,--,472,48,119,24,4,13,65,20,83,2,2,0.252,0.28300000000000003,0.403,0.685,Starlin,Castro
124,KevinK PillarPillar,SF,--,449,61,113,25,3,12,59,10,74,10,2,0.252,0.28,0.401,0.6809999999999999,Kevin,Pillar
125,RougnedR OdorOdor,TEX,--,357,50,68,16,1,21,61,31,121,7,7,0.19,0.26,0.417,0.6779999999999999,Rougned,Odor
126,LorenzoL CainCain,MIL,--,403,49,104,23,0,5,34,34,76,9,7,0.258,0.324,0.35200000000000004,0.677,Lorenzo,Cain
127,BrandonB CrawfordCrawford,SF,--,360,44,81,17,1,10,50,46,89,2,1,0.225,0.313,0.361,0.674,Brandon,Crawford
128,JuricksonJ ProfarProfar,OAK,--,354,46,68,17,2,17,50,35,58,7,1,0.192,0.278,0.395,0.674,Jurickson,Profar
129,LeuryL GarcíaGarcia,CWS,--,394,63,104,14,2,5,26,15,105,11,5,0.264,0.294,0.348,0.642,Leury,García
130,OrlandoO ArciaArcia,MIL,--,373,36,81,13,0,11,49,32,85,7,3,0.217,0.276,0.34,0.617,Orlando,Arcia
131,MallexM SmithSmith,SEA,--,362,43,77,14,7,5,29,28,104,27,4,0.213,0.28300000000000003,0.331,0.615,Mallex,Smith
132,HanserH AlbertoAlberto,BAL,--,303,31,72,10,0,7,31,10,25,2,1,0.238,0.269,0.34,0.609,Hanser,Alberto
133,YolmerY SánchezSanchez,CWS,--,376,45,90,13,3,1,33,34,93,4,3,0.239,0.309,0.298,0.606,Yolmer,Sánchez
134,KhrisK DavisDavis,OAK,--,351,36,69,11,0,12,48,28,118,0,0,0.197,0.258,0.33,0.589,Khris,Davis
